appId,title,developer,developerId,released,score,ratings,installs,free,price,currency,offersInAppPurchases,inAppProductPrice,containsAds,updated,version,genre,genreId,contentRating,contentRatingDescription,summary,url,most_liked_review,most_liked_review_score,most_liked_review_date,most_disliked_review,most_disliked_review_score,most_disliked_review_date,discovered_from_category,discovered_query,price_bucket,installs_clean,revenue_proxy
com.king.candycrushsaga,Candy Crush Saga,King,6577204690045492686,2012-11-15,4.6198964,38967321,"1,000,000,000+",True,0,USD,True,$0.99 - $149.99 per item,True,2025-08-22 13:28:46,1.310.1.1,Casual,GAME_CASUAL,Everyone,Not provided,Match your way through candy puzzles packed with fun and clever challenges!,https://play.google.com/store/apps/details?id=com.king.candycrushsaga&hl=en&gl=us,"I loved this game. Played for years (over 9000 levels). But now it's a money grab. The levels are almost impossible to beat, so many hard levels now (8 in a row!), legendary (insanely hard) levels added (4 in a row!), fish power-ups ruin moves instead of helping like they used to, and not getting power-ups I pay for. I didn't think I would ever walk away from this game, but the fun is gone.",1,2025-07-22T02:19:25,"fun game as always, but the amount of pop ups when you open the game and in between levels is so annoying. it wasnt like this the last time i played the game several years ago, and honestly it feels very desperate. i appreciate the free boosts, but with 5 concurrent event pages/pop-ups and daily real currency purchase packages being advertised all the time, i get fed up. i only want to play when i want to relax and unwind, but the ads and pop ups are just as annoying as real life...",2.0,2025-02-13T01:59:01,GAME,top free games,Free,1000000000,0
com.rovio.baba,Angry Birds 2,Rovio Entertainment Oy,9133452689932095671,2015-07-23,4.160458,6278547,"100,000,000+",True,0,USD,True,$0.99 - $249.99 per item,True,2025-09-04 09:48:12,5.0.0,Casual,GAME_CASUAL,Everyone,Not provided,Play the Angry Birds game enjoyed by millions of players every day!,https://play.google.com/store/apps/details?id=com.rovio.baba&hl=en&gl=us,"The game is rough. Some levels are made to be damn near unbearable because they desperately want you to spend money in their shop. And oh my god the popups. Every time I enter the main menu, whether I'm just booting up the game or I'm changing game modes, I never get anything less than four popups in a row advertising literally every aspect of the shop. And to make it worse there are ads every couple minutes. If you're thinking of playing this out of nostalgia for the original, don't do it",1,2025-03-14T13:48:59,Got back into this after playing the originals. I used to play these games for hours waiting to get tired while laying in bed. Won't be doing that with this game. You only get so many lives before the game forces you to buy more. You lose a life even when completing a level? i understand losing a life if you fail but come on. This is just plain greed. You get maybe 15 minutes of gameplay before you have to spend some sort of in game currency. Disappointed is an understatement.,2.0,2025-06-30T05:27:42,GAME,top free games,Free,100000000,0
com.vincentb.MobControl,Mob Control,VOODOO,VOODOO,2021-04-29,4.1595545,753178,"100,000,000+",True,0,USD,True,$0.84 - $399.99 per item,False,2025-09-03 15:28:06,2.93.0,Arcade,GAME_ARCADE,Everyone,Mild Fantasy Violence,"Join Mob Control: Grow your army, lead your mobs, and conquer the battlefield!",https://play.google.com/store/apps/details?id=com.vincentb.MobControl&hl=en&gl=us,"This game is a lot of fun and extremely addictive. However, it can also be infuriating! I would easily rate it 5 stars, except there have been so many instances where coming back from an ad causes the game to freeze. with no option but to force close and relaunch, causing lost matches, streaks, and potential rewards. Still pretty fun, though.",4,2024-10-10T00:19:02,"There are TOO MANY ADS for this game and FAR TOO LONG (more than 50 seconds). It's killing the fun and I'm reaching a point of just deleting this. Especially when slapped with an ad in another language ""REALLY!!?"" You're expecting someone to just sit through it without understanding it. Even the pricing for the extras are outrageous. I watched a few ads and wasn't rewarded because the app restarted, on numerous occasions, so I don't watch the ads any longer (that's too convenient). Check reviews",2.0,2025-07-01T08:41:20,GAME,top free games,Free,100000000,0
com.imangi.templerun2,Temple Run 2: Endless Escape,Imangi Studios,Imangi+Studios,2013-01-23,4.128295,10095181,"1,000,000,000+",True,0,USD,True,$0.99 - $49.99 per item,True,2025-08-05 12:19:35,1.124.0,Action,GAME_ACTION,Everyone 10+,Fantasy Violence,"Run, jump, and escape in the ultimate endless jungle adventure game!",https://play.google.com/store/apps/details?id=com.imangi.templerun2&hl=en&gl=us,"Edit....I thought I would give this game another shot. Waste of time. Worse then the first time. Way too many ads. It downloaded 3 games from the ads that I didn't want. Save your time and skip it. Uninstalling immediately. It's just ok. Controls are very unresponsive. I swipe to jump or slide and it only works about half the time. I'm betting it's designed that way on purpose to get you to spend money. Way to many ads even for a ""free"" game.",1,2024-04-29T05:20:05,"Edit....I thought I would give this game another shot. Waste of time. Worse then the first time. Way too many ads. It downloaded 3 games from the ads that I didn't want. Save your time and skip it. Uninstalling immediately. It's just ok. Controls are very unresponsive. I swipe to jump or slide and it only works about half the time. I'm betting it's designed that way on purpose to get you to spend money. Way to many ads even for a ""free"" game.",1.0,2024-04-29T05:20:05,GAME,top free games,Free,1000000000,0
com.ea.game.pvzfree_row,Plants vs. Zombies‚Ñ¢,ELECTRONIC ARTS,6605125519975771237,2014-11-13,3.948873,5807325,"500,000,000+",True,0,USD,True,$0.99 - $9.99 per item,True,2025-08-19 06:30:29,3.11.0,Strategy,GAME_STRATEGY,Everyone 10+,"Mild Fantasy Violence, Crude Humor",Stem a zombie attack on your yard with the help of powerful plants!,https://play.google.com/store/apps/details?id=com.ea.game.pvzfree_row&hl=en&gl=us,"I'm not an OG player, so this is a rather unbiased opinion. I do greatly enjoy this game, it's never boring and honestly the ads are bearable. One problem I do have is the lag. Especially in the later levels, the game lags so much it takes me quite a long time to complete levels. Not even joking, it takes me up to 30 minutes at a time because the game runs so ridiculously slow. A snail could run a marathon before I complete 5 levels. It is quite fun though, and I recommend you give it a try.",4,2025-06-24T07:24:09,"I should've read the reviews because it seems like everyone is having the same issue. I paid for the ad-free version, but am still getting ads. I am very annoyed at this. This is one of my favorite games, please fix this very irritating issue!! update: it has been a little over 3 years since my review. there have been updates to the game, but the ad issue has not been fixed. please do not advertise ad-free version if paying for it does nothing.",2.0,2025-05-15T12:12:40,GAME,top free games,Free,500000000,0
com.truebill,Rocket Money - Bills & Budgets,Rocket Money - Bills & Budgets,7632167371822365916,2016-07-14,4.649426,109608,"10,000,000+",True,0,USD,True,$2.99 - $59.99 per item,False,2025-08-29 17:15:13,10.0.0,Finance,FINANCE,Everyone,Not provided,"Manage and cancel subscriptions, lower bills, track expenses, create budgets.",https://play.google.com/store/apps/details?id=com.truebill&hl=en&gl=us,"very intuitive ui. really helps visualize your budget if you get a fixed amount every month. only three stars because i'm constantly-- and i mean *constantly*-- having to go through the tedious process of reconnecting my bank account to the app. never stays connected for more than a day. what's the point if it never syncs? then i have to go through my bank and unlock my bank acct, reset my bank security questions, etc. otherwise, the app is ok. had it for 3 months now and no changes.",3,2025-03-28T06:28:33,"Rocket Money used to be great but over time it has turned into another useless app with a yearly subscription that does nothing valuable. The credit score is inaccurate, budgeting doesn't work because it doesn't detect half your transactions, and they don't actually help with cancelling subscriptions or anything like that, they just have links that take you to the website to do it yourself. I was a happy subscriber for over a year, but now I've deleted my account and the app and will not return.",,,FINANCE,finance apps,Free,10000000,0
com.google.android.apps.walletnfcrel,Google Wallet,Google LLC,5700313618786177705,2011-06-24,4.497939,1975468,"1,000,000,000+",True,0,USD,False,No In App Product Price info,False,2025-08-28 16:33:07,Varies with device,Finance,FINANCE,Everyone,Not provided,"Fast, secure access to everyday essentials like cards, passes or tickets",https://play.google.com/store/apps/details?id=com.google.android.apps.walletnfcrel&hl=en&gl=us,"Works, but works TOO well. sometimes if i have my phone out just a few feet away from a payment thing (like to grab coupons/check my balance), it opens the app automatically, without my permission, and tries to pay. how the hell is that secure? no ""confirm payment!"" button or anything, just. phone open? payment terminal 1 foot away? PAY PAY PAY PAY PAY. i have to disable NFC just to keep it from accidentally opening (and theres no quick ""disable/enable nfc"" button). does NOT feel secure.",2,2025-04-30T06:16:44,"i am unable to add my credit card - it keeps asking me for the CVC and then just says Something wrong happened - try again later. The card has been saved on my payments profile website and I am unable to remove it and add it again. It's been more than a month with no solution in sight. I tried everything - cleared cache, cleared data and even re installed the app. The bank also has no clue about how to resolve this.",1.0,2025-09-02T06:29:11,FINANCE,finance apps,Free,1000000000,0
com.paypal.android.p2pmobile,"PayPal - Pay, Send, Save",PayPal Mobile,PayPal+Mobile,,4.2533894,3522369,"100,000,000+",True,0,USD,False,No In App Product Price info,False,2025-08-29 17:07:17,8.90.1,Finance,FINANCE,Everyone,Not provided,"The PayPal app is the secure way to send and receive money, shop and pay in 4.",https://play.google.com/store/apps/details?id=com.paypal.android.p2pmobile&hl=en&gl=us,Works great! When you send the money to friends and family and I need it right away the thing is wonderful. It's great when purchasing things online. On your PayPal app you set a default way for it to be taken out to pay for what you're ordering whether it's on Walmart or any place else. Just remember that if you're using PayPal to pay and it's not something that you want to come off of whatever your default card is you need to go in and change it.,3,2025-07-04T04:26:07,"In order to use the app, you have to dismiss a credit card offer, debit card offer, cryptocurrency trading account, coupon and offers screen, and receive unsolicited scam invoices that you cannot block. It's no mystery why all your friends tell you to Venmo, Cash App, or risk it with Zelle before mentioning PayPal. Unfortunately, it's probably a matter of time before the cancer spreads to Venmo.",2.0,2025-04-30T11:18:12,FINANCE,finance apps,Free,100000000,0
com.squareup.cash,Cash App,"Block, Inc.",4878871734928263649,2013-10-15,4.6631746,3807932,"100,000,000+",True,0,USD,False,No In App Product Price info,True,2025-09-05 00:39:40,5.15.1,Finance,FINANCE,Everyone,Not provided,"Send money and bitcoin easily. Invest, bank and do more with your money",https://play.google.com/store/apps/details?id=com.squareup.cash&hl=en&gl=us,"I love having a card available to use in my name. (Especially if I'm making an online purchase or ordering something from an info-mercial on tv). Adding cash money to the balance is so easy and can be done at a dozen locations close to my house for only $1. There's no monthly fees. I've been able to play around with some penny- stocks & bonds. And it's such a handy, free way to pass a few bucks back n forth with friends / family when we run $20 short for the week. 10 STARS if I could!",5,2025-01-28T03:23:04,"Add a choice verification when using the cash out function. Lost money because of a mistake, was expecting a chance to undo it but it didn't exist. just wanted to edit this now that it has been years later. if I could avoid this app I would but many people are still choosing this one for some reason. The issue I complained about is still an existing one. All I wanted is a confirmation window when you press the transfer option for if you choose standard (several day wait time) or instant (fee).",1.0,2025-07-16T02:54:19,FINANCE,finance apps,Free,100000000,0
com.venmo,Venmo,Venmo,Venmo,2010-05-17,4.147253,851342,"50,000,000+",True,0,USD,False,No In App Product Price info,False,2025-08-27 01:03:58,10.72.1,Finance,FINANCE,Everyone,Not provided,Venmo is the fun and easy way to pay and get paid.,https://play.google.com/store/apps/details?id=com.venmo&hl=en&gl=us,"Use this app as long as you don't mind being unable to touch your account balance. nothing better than seeing the small bit of money you received that you actually really needed asap be untouchable ""but it's the bank"" didn't know another venmo account or visa+ counted as my bank not allowing it to go through. cool though. love knowing I can't use my money for Christmas üß°",1,2024-12-24T08:48:51,"I got Venmo and the debit card with the intention of using it as a way to save for personal fun spending. Turns out, as a sportsman, many of the things I was planning on using it for are prohibited by their terms of service even though they're legal purchases (think ammunition, firearms, etc. from licensed companies). Large money transfers also take a LONG time, and customer service is a joke when needed, as it relies heavily on an incompetent AI system. I'll be looking for other solutions.",2.0,2025-07-05T03:15:31,FINANCE,finance apps,Free,50000000,0
com.google.android.apps.work.clouddpc,Android Device Policy,Google LLC,5700313618786177705,2017-03-20,3.2822385,35812,"100,000,000+",True,0,USD,False,No In App Product Price info,False,2025-09-03 12:13:35,Varies with device,Tools,TOOLS,Everyone,Not provided,Use Android Device Policy to access your organization's apps and resources,https://play.google.com/store/apps/details?id=com.google.android.apps.work.clouddpc&hl=en&gl=us,"Not certain if this update is responsible for pink being introduced as a highlight color on my green pallet themed Pixel Fold? But, I hate it whatever has caused it.",1,2024-12-23T23:05:33,Stop forcing me to update when I don't want to. I was using maps when I was FORCED into a 15 minute update (even after having one last week) and went the wrong way. Had to pull over and wait forever for it to finish and was late to an appointment and got a $25 late/no show fee. I was literally using the device when you disabled my phone. Ridiculous. This makes me want to throw this phone away and switch to something else. Stop forcing unwanted and unnecessary updates on people.,1.0,2024-12-23T23:05:33,TOOLS,android tools,Free,100000000,0
com.roysolberg.android.developertools,Developer Tools,Roy Solberg,8681089820555593239,2012-01-30,4.22,3771,"1,000,000+",True,0,USD,False,No In App Product Price info,True,2025-09-03 14:01:56,Varies with device,Tools,TOOLS,Everyone,Not provided,Essential Android dev tools and device info,https://play.google.com/store/apps/details?id=com.roysolberg.android.developertools&hl=en&gl=us,"App is clean and good. I love it, only premission that Exodus found was this app won't let TV sleep and I like that, too many times I'm only gone for a sec and my device has gone into sleep. Thanks Roy, good app here. I'm happy.",5,2020-08-27T23:01:18,"I tried to access dev options, but I got the msg: ""Can't access developer actions directly"". Well, I can't access developer options on my phone because they're missing and was hoping this tool would fix that. Since I don't need the other stuff of this tool I rate it only 1 *, for now.",1.0,2022-01-23T05:39:43,TOOLS,android tools,Free,1000000,0
ph.spacedesk.beta,spacedesk - USB Display for PC,datronicsoft Technology GmbH,datronicsoft+Technology+GmbH,2016-10-13,4.520755,38363,"5,000,000+",True,0,USD,True,$0.49 - $42.99 per item,False,2025-08-04 09:20:54,2.1.30,Productivity,PRODUCTIVITY,Everyone,Not provided,"Multi Monitor Remote Desktop. Screen share, mirror and extend. USB, WiFi and LAN",https://play.google.com/store/apps/details?id=ph.spacedesk.beta&hl=en&gl=us,"This works great and simple to use!.... I only have one monitor and I wanted to us my tablet as a second screen. I downloaded this app and it allows me to do that with no issues. Its free, I don't recall having any ad pop ups during use. Great app and it runs wirelessly, that's another. I could easily pay 2 to 5 dollars for a one time purchase of this app, it works that great. I love this little app",5,2021-08-07T08:40:44,,,,TOOLS,android tools,Free,5000000,0
com.pradhyu.alltoolseveryutility,All tools,ATEU Softwares ¬Æ,9011167706118796529,2015-07-21,4.476529,26944,"1,000,000+",True,0,USD,True,$2.49 - $18.99 per item,True,2025-02-07 04:23:41,3.7.7,Tools,TOOLS,Everyone,Not provided,"70+ multi functional tools in a single App, use full for everyday life.",https://play.google.com/store/apps/details?id=com.pradhyu.alltoolseveryutility&hl=en&gl=us,"Definitely an amazing app, even if you're not low on space. There are so many incredibly useful tools on here that I'll probably never use, but someone else will use everyday. It's very fast and lightweight, reducing load on your device. You won't need to download another tool app again! That's what's so great about this app, it's the app for everybody. It has almost everything. Even a morse code translator! 11/10",5,2020-05-12T03:46:58,"the selecting the g force meter, automatically crashes the app. never could get the speedometer to work properly to save the top speed like the app used to do. the other speed app where you point it at a moving object doesn't work at all as far as I was able to determine. pretty much every feature I tried did not work, except the music player function. That worked but it just didn't seem like it got very loud. I dunno what happened. but definitely have some bugs to iron out for sure. :( 2025 :(",2.0,2025-03-24T07:23:26,TOOLS,android tools,Free,1000000,0
cn.trinea.android.developertools,Dev Tools(Developer)-Decompile,Trinea,4937770363404832295,2017-01-05,4.5648994,16147,"1,000,000+",True,0,USD,True,$3.99 per item,True,2025-08-21 18:22:57,9.0.0-gp,Tools,TOOLS,Everyone,Not provided,Powerful and Essential Tool for Android Developer. ‚úìSurprise ‚úìAutomation,https://play.google.com/store/apps/details?id=cn.trinea.android.developertools&hl=en&gl=us,"This app is cool, being able to decompile apps and see their files is cool. But I have an issue. I first downloaded this app a few months ago and I paid for the pro version (which has more features). Then I didn't use it for a couple months and when I went back into it, all the pro options were locked/it wouldn't let me select them and instead it told me to purchase the pro version, which I did before. I paid for it again and when I went back into it today, it wants me to pay again. Please fix.",1,2024-12-15T12:13:29,"Useful tools are blocked behind paywall on this ""free"" app // Edit post developer reply, the only feature that would have been useful to me was locked behind paywall. Apps that give you ""easier access"" to things you can do without the app are not needed. Decompile is in the name of the app and the app is listed as free, yet I was unable to decompile files I needed to without making a payment. Waste of download time.",1.0,2024-12-15T12:13:29,TOOLS,android tools,Free,1000000,0
org.khanacademy.android,Khan Academy,Khan Academy,Khan+Academy,2015-09-22,4.2034264,169434,"10,000,000+",True,0,USD,False,No In App Product Price info,False,2025-04-03 15:10:11,8.3.1,Education,EDUCATION,Everyone,Not provided,You can learn anything.,https://play.google.com/store/apps/details?id=org.khanacademy.android&hl=en&gl=us,"For the platform itself, 11/10. The fact that such an amazing website exists that is completely free with no subscription ever, is absolutely incredible. For the app, I find it somewhat difficult to find and access profile settings but that's probably on me, and I kind of prefer the previous app layout. I love being able to learn subjects I would otherwise never have access to, and I would love to see language courses incorporated eventually! Great job all around. Have been using for years!",5,2024-07-09T02:50:14,,,,EDUCATION,education learning apps,Free,10000000,0
org.khankids.android,Khan Academy Kids,Khan Academy,Khan+Academy,2018-07-10,4.653436,51927,"5,000,000+",True,0,USD,False,No In App Product Price info,False,2025-06-19 00:54:39,8.0,Education,EDUCATION,Everyone,Not provided,"Early learning for kids ages 2-8! Educational games for reading, math, and more!",https://play.google.com/store/apps/details?id=org.khankids.android&hl=en&gl=us,"If you're reading the reviews to determine if you should download, you should. Educational (the fun kind), ad-free, a robust offline section, and free - and my 3yrold loves it more than I hoped. He's singing the songs (which means practicing long vowel sounds in the car) and learning how to work technology (tap and drag, menu, etc.). He loves it. I showed him the app one time and the next day he was asking to play his new game. This will be the go-to for long car rides and I won't have to worry!",5,2024-05-06T16:47:52,,,,EDUCATION,education learning apps,Free,5000000,0
com.holucent.math,Math Tests: learn mathematics,Eductify,Eductify,2016-10-25,4.4732823,29810,"5,000,000+",True,0,USD,True,$0.99 - $24.95 per item,False,2025-09-01 07:24:28,2.1.0,Education,EDUCATION,Everyone,Not provided,"Learn math and practice counting, algebra, fractions, geometry. Theory and quiz.",https://play.google.com/store/apps/details?id=com.holucent.math&hl=en&gl=us,"Getting back to math in my old age. Lets me retest whenever I want -- some terms weren't even used when I was in school. Good for focus, and I've been amazed to find how many silly mistakes I've made -- for years. No wonder I never liked math. I never learned the basics very well. This has actually been fun. I do find it annoying, when I don't keep at it, to get messages reminding me of past failures. If this is meant to motivate students, it probably has the opposite effect.",5,2020-10-08T19:17:08,"Would have bought this for nephew but i don't get the ""note"" system. Notes are not even saved to be read in the results so they are useless!? I guess i better get back on paper if there is no way for him to display how he solved it. Also, the multiple choices should be an option. I would prefer him to type his answer. Multiple choices can make it too easy. App could be perfect if people who made it just tried to think with the head of a lazy school boy who want to make as less effort as possible",,,EDUCATION,education learning apps,Free,5000000,0
com.classdojo.android,ClassDojo,ClassDojo,7818175896471092600,2013-02-25,4.8163743,1200222,"10,000,000+",True,0,USD,True,$0.99 - $199.99 per item,False,2025-09-05 12:44:51,7.80.0,Education,EDUCATION,Everyone,Not provided,"ClassDojo connects teachers, kids, and families",https://play.google.com/store/apps/details?id=com.classdojo.android&hl=en&gl=us,"For the most part, it's fine. What irritates me the most is that every time I get a code sent to me, it creates a ""new child"" instead of just adding the class to an existing child profile. I currently have 4 active profiles for my son and 3 for my daughter. I have to go through and delete multiple old profiles every new school year. You want us to pay for the app to keep memories from years past, but I would have no less than 30 profiles between 2 kids if I saved them all! Just ridiculous!!!!",3,2024-09-23T09:17:02,persistent advertisements to upgrade are annoying. first and foremost the app is supposed to be free. you only pay to add additional features. but the advertisement is made to appear like you have 7 days free and then you have to pay $69.99 for the year. if you find the x and close you get pestered for $34.99 last chance deal. well now that advertisement comes up Everytime I open the app. ridiculous. don't get me started on app security... it's flawed too.,1.0,2025-09-03T01:13:48,EDUCATION,education learning apps,Free,10000000,0
com.duolingo.literacy,Learn to Read - Duolingo ABC,Duolingo,6957685454452609502,2022-05-16,4.2429905,17546,"10,000,000+",True,0,USD,False,No In App Product Price info,False,2025-08-14 16:24:21,1.22.0,Education,EDUCATION,Everyone,Not provided,Learn how to read with fun educational games for ages 3-8. Learn phonics & more!,https://play.google.com/store/apps/details?id=com.duolingo.literacy&hl=en&gl=us,"App is great! It has a nice style and is simple, so kids can use it easily. No ads too! Though it would be very nice if you'd add some other languages. Also, one small thing that is a bit annoying, is that sometimes the voice gets a bit buggy. Like, whenever it teaches you a letter, the sound gets quieter in the middle of the sound, which isn't a major mistake, but it is a bit annoying, for me, at least. I'm a 13 year old trying this out btw, so idk how younger kids would like the app.",5,2024-06-07T12:10:32,,,,EDUCATION,education learning apps,Free,10000000,0
cc.forestapp,Forest: Focus for Productivity,Seekrtech,8375803120194789677,2014-08-25,4.4956365,780080,"10,000,000+",True,0,USD,True,$0.99 - $21.99 per item,True,2025-09-01 08:01:18,4.95.0,Productivity,PRODUCTIVITY,Everyone,Not provided,Stay focused on your goal or to dos and get motivated with Pomodoro timer,https://play.google.com/store/apps/details?id=cc.forestapp&hl=en&gl=us,"ok, so I've been using Forest for at least a year, if not longer. Would've absolutely given 5 stars and a glowing review up until a week or so ago, when they released the newest update to the app. Now, the app keeps crashing over and over and barely working. So, I did what is always recommended - uninstall and reinstall. NOW, I can't even log in and get all my stuff, despite having purchased the pro version ages ago. Not cool, guys.",3,2025-02-26T18:43:02,"I love the concept of planting your own forest while staying off the phone, and had hopes that the Pro version would help me to add new tags ‚ö†Ô∏è DON'T BUY THE PRO VERSION, ITS UNUSABLE and BUGGY! After paying for the Pro and trying to add a new tag, or use the Allow List function, it gets you automatically back to the ""Successfully Restored"" page of the purchase with a ""Log In"" button, after you click it, it literally does nothing! No tag added, nor the white list page! DON'T SPEND MONEY ON IT!",,,PRODUCTIVITY,productivity apps,Free,10000000,0
com.google.android.keep,Google Keep - Notes and lists,Google LLC,5700313618786177705,2013-03-20,4.7132382,1993097,"1,000,000,000+",True,0,USD,False,No In App Product Price info,False,2025-09-04 19:55:48,Varies with device,Productivity,PRODUCTIVITY,Everyone,Not provided,Google Keep,https://play.google.com/store/apps/details?id=com.google.android.keep&hl=en&gl=us,"I love this app! The only thing I wish were different is being able to still see all original dates at the bottom of your note(s) instead of the date changing after even the smallest edit. Well, at least if you wanted the original date to stay the same, which could be an option. Also, I've ""misplaced"" a few notes after changing phones and reinstalling this app. However, it's one of THE best!!! Please... never add ads. Thanks! ‚ò∫Ô∏è",5,2025-04-23T22:21:42,"I liked the notes better on my old phone. I don't like that when I set up a check list, my checked off items just disappear. I wish the checked items would just looked crossed through or a lighter color text. it gives a sense of accomplishment, seeing what got done, rather than worrying if I just erased my to do list (I use it daily at work so I use the same list daily)",2.0,2025-06-27T00:19:53,PRODUCTIVITY,productivity apps,Free,1000000000,0
com.google.android.apps.tasks,Google Tasks,Google LLC,5700313618786177705,2018-04-24,4.6120744,507857,"10,000,000+",True,0,USD,False,No In App Product Price info,False,2025-09-04 07:36:38,2025.08.25.798901179.0-release,Productivity,PRODUCTIVITY,Everyone,Not provided,"Stay on top of your to-dos with Google Tasks, part of Google Workspace.",https://play.google.com/store/apps/details?id=com.google.android.apps.tasks&hl=en&gl=us,"This app went above and beyond to solve my problem with remembering to do stuff. I first had to just remember, which did not go well, then I would have to set alarms which were so loud. Then I got introduced to this app. It is amazing, sending silent notifications, while giving the option to repeat and set times. While being able to sort your tasks by categories. LOVE IT!! 11/10 for me, recommend!!!!",5,2024-09-04T06:34:56,"Lots of potential, long way to go. For very basic task tracking, this app can get the job done. However, the handling of subtasks and sorting is severely broken. If you sort by date, it will not respect task-to-subtask relationships and you end up with a huge mess. Additionally, notifications for tasks have become very hit or miss and regularly show up late or not at all. I really want to like this app, but I'm finding myself more and more frustrated with it.",2.0,2025-08-21T21:22:51,PRODUCTIVITY,productivity apps,Free,10000000,0
com.google.android.apps.bard,Google Gemini,Google LLC,5700313618786177705,2024-02-05,4.5764894,10864710,"500,000,000+",True,0,USD,False,No In App Product Price info,False,2025-08-19 16:59:25,1.0.795460806,Productivity,PRODUCTIVITY,Teen,Diverse Content: Discretion Advised,"Chat to start writing, planning, learning and more with Google AI",https://play.google.com/store/apps/details?id=com.google.android.apps.bard&hl=en&gl=us,"Update as of 12/25/24. You still can't seem to use the Gemini app without switching your assistant. So I tried it out for a bit and reminders don't work. I was using Gemini just a few months ago and now I can't open the app unless I switch from Google Assistant. This is a huge detractor. Gemini is not a good assistant yet, it doesn't easily set reminders for example. But I did want to use it for queries. Can't seem to open the app to do that. Disappointing because it worked a few weeks ago.",1,2024-12-25T22:07:16,"The app itself is glitching lately; it's been skipping to a new chat and forgetting everything. Sometimes I can tell it to remember what we were just talking about, and it will get back to the subject. Other times, the chat is completely gone, and there is no memory of the chat left in the list. Reaction times have gone from normal response times to wondering if my phone is frozen in the last few weeks. There are times I almost reached a conclusion, but I can't get any further due to glitches.",2.0,2025-06-22T11:20:51,PRODUCTIVITY,productivity apps,Free,500000000,0
com.google.android.calendar,Google Calendar,Google LLC,5700313618786177705,2012-10-17,4.633446,3985474,"5,000,000,000+",True,0,USD,False,No In App Product Price info,False,2025-09-04 12:05:47,Varies with device,Productivity,PRODUCTIVITY,Everyone,Not provided,"Make the most of your day with Google Calendar, part of Google Workspace",https://play.google.com/store/apps/details?id=com.google.android.calendar&hl=en&gl=us,"I looove this app a lot! From scheduling my to-do list up to my business stuff. I just don't know if this is an issue on my phone but sometimes when I will add a task, it will randomly have glitches. Like, when i select the 'All day' option, the 'task' will be converted as 'event' or when I click 'save', nothing happens.",2,2025-08-04T00:02:29,"Calendar is now switching to my work account when I add an event, instead of my default email I've always used. I use my calendar all the time, and I've never had issues before. I didn't make any changes, this started happening out of the blue. I've tried all the things I could find scouring online, to no avail. This is a major issue for me. Not happy.",1.0,2025-09-02T08:49:51,PRODUCTIVITY,productivity apps,Free,5000000000,0
com.instagram.android,Instagram,Instagram,Instagram,2012-04-03,3.945412,164374600,"5,000,000,000+",True,0,USD,True,"$0.19 - $10,000.00 per item",True,2025-09-02 17:30:55,Varies with device,Social,SOCIAL,Teen,Not provided,"Create & share photos, stories, & reels with friends you love",https://play.google.com/store/apps/details?id=com.instagram.android&hl=en&gl=us,"Got a new phone and cant log in to my account that I've had for YEARS with 
the password and email address that have literally NEVER changed. It just 
keeps saying that it's a suspicious log in attempt..... so you're telling 
me that you can only log in from one device ever? Even with the correct 
information? What a joke. Also, I've contacted support multiple times in 
the past few days with no response. Uninstalled.",1,2025-07-18T00:43:39,"Got a new phone and cant log in to my account that I've had for YEARS with 
the password and email address that have literally NEVER changed. It just 
keeps saying that it's a suspicious log in attempt..... so you're telling 
me that you can only log in from one device ever? Even with the correct 
information? What a joke. Also, I've contacted support multiple times in 
the past few days with no response. Uninstalled.",1.0,2025-07-18T00:43:39,SOCIAL,social networking apps,Free,5000000000,0
com.facebook.katana,Facebook,"Meta Platforms, Inc.","Meta+Platforms,+Inc.",,4.376189,172449586,"10,000,000,000+",True,0,USD,True,"$0.05 - $10,000.00 per item",True,2025-09-03 09:15:04,Varies with device,Social,SOCIAL,Teen,Not provided,Explore the things you love,https://play.google.com/store/apps/details?id=com.facebook.katana&hl=en&gl=us,"only some videos can be muted, and that is never an option if you're playing music from an app that you pay for. I have some other issues as far as how complicated the navigation of the mobile app is. two stars for variety of content. I left a bad review and suddenly nothing wants to load even though my signal strength, both wifi and mobile data, are perfectly adequate. Suspicious.",1,2025-05-10T20:07:41,"only some videos can be muted, and that is never an option if you're playing music from an app that you pay for. I have some other issues as far as how complicated the navigation of the mobile app is. two stars for variety of content. I left a bad review and suddenly nothing wants to load even though my signal strength, both wifi and mobile data, are perfectly adequate. Suspicious.",1.0,2025-05-10T20:07:41,SOCIAL,social networking apps,Free,10000000000,0
com.zhiliaoapp.musically,"TikTok - Videos, Shop & LIVE",TikTok Pte. Ltd.,TikTok+Pte.+Ltd.,2015-07-09,4.09031,67147018,"1,000,000,000+",True,0,USD,True,"$0.05 - $1,209.99 per item",True,2025-09-04 13:52:55,41.5.4,Social,SOCIAL,Teen,Not provided,"Join your friends and discover videos you love, only on TikTok",https://play.google.com/store/apps/details?id=com.zhiliaoapp.musically&hl=en&gl=us,"This is ridiculous! This app doesn't even utilise the coins properly. If you're a gifter, you would have noticed that the price for 700 coins was ¬£8.99. The very next day, they reduced the price and the amount of coins to 360 for just ¬£8.09. It seems like they just want to make a quick profit off me. I'm paying attention; I've been closely monitoring all the prices on your page.",4,2024-12-24T10:46:55,"this is driving me insane. every time a particular ad with an intense sounding song comes up, and it's always the same song, it will not stop playing that song. Even if I shut the app down it keeps going. I have to go into my settings and do a force stop, And sometimes I even have to restart my phone. this is getting ridiculous. fix it please.",2.0,2025-09-02T22:12:25,SOCIAL,social networking apps,Free,1000000000,0
com.instagram.barcelona,Threads,Instagram,Instagram,2023-05-01,3.9950469,1741674,"100,000,000+",True,0,USD,False,No In App Product Price info,False,2025-09-02 16:31:55,395.1.0.56.165,Social,SOCIAL,Teen,Not provided,Connect and share ideas,https://play.google.com/store/apps/details?id=com.instagram.barcelona&hl=en&gl=us,"An unsung treasure, this app is great as an artist to let loose and build community in a way that's as engaging as old Tumblr and Twitter. It's definitely more for text posts, but it's really fun to ask questions and get feedback and see other people's art. It's a perfect companion to Insta, and the algorithm really is tailored to the way I use the app.",5,2025-04-09T01:06:37,"I edited this review: The typing bug makes it almosy unusable. In Threads, and only Threads, I will suddenly randomly have chunks of text repeated with every letter I type, huge sections will be deleted, and my cursor will just decide to start wherever it wants. Again, this is ONLY in Threads. Every other app I have is fine. Typing (which is basically one of maybe two ways to interact with Threads) simply doesn't work well.",1.0,2024-10-17T23:47:52,SOCIAL,social networking apps,Free,100000000,0
com.twitter.android,X (Formerly Twitter),X Corp.,X+Corp.,2010-04-30,3.7419884,22717562,"1,000,000,000+",True,0,USD,True,$0.99 - $490.00 per item,True,2025-09-03 20:16:09,11.18.0-release.0,News & Magazines,NEWS_AND_MAGAZINES,Mature 17+,Not provided,Breaking News & Social Media | Now with Grok AI to explain posts,https://play.google.com/store/apps/details?id=com.twitter.android&hl=en&gl=us,"This app, as well as the website on PC, is so unbearably slow that it has frozen my phone and dragged my PC's speed to an absolute crawl just by being open. I've done everything from clearing the cache on phone and PC, to uninstalling & reinstalling (or shutting off my PC), to fix the issue; and nothing fixes the issue, but the fact that it's happening to multiple people everywhere on multiple devices already shows the issue is not on my end.",1,2024-09-15T16:51:10,"elon and his many faults aside, the app itself sucks. it's always glitching out. I'm unable to change my profile picture on any of my accounts. and I'm unable to even create new accounts because it gets stuck on a loading screen. And I'm constantly flooded with ads that I actively hate. I turned on personalized ads, but no matter how many times I tell the app I don't want ads for AI or Crypto, it's the only ads I get. I'm moving to bluesky.",1.0,2025-08-29T11:23:54,SOCIAL,social networking apps,Free,1000000000,0
com.google.android.apps.fitness,Google Fit: Activity Tracking,Google LLC,5700313618786177705,2014-10-28,3.5801947,664392,"100,000,000+",True,0,USD,False,No In App Product Price info,False,2025-08-11 14:50:01,Varies with device,Health & Fitness,HEALTH_AND_FITNESS,Everyone,Not provided,Want to take charge of your health? Let Google Fit help you reach your goals.,https://play.google.com/store/apps/details?id=com.google.android.apps.fitness&hl=en&gl=us,"I just want to say, so far, outstanding. I have seen Fitbit charge a crazy price for their ""premium"" services when it's mostly the same as this app! I can manage my Fitbit data through here with the fit to fit app, though that app still needs help. This app only needs the ability to sync data between third party apps possible! Add that, and possibly a mental health section as well, since you have meditation and whatnot, why don't we add an actual journal? Or a health journal? Just an idea.",5,2024-08-23T10:35:03,"It doesn't sync to anything anymore. Google Fit is now blocking apps I want to connect to and have previously connected to. Data is inaccurate because of the lack of syncing, even when shown as connectedness. If you try disconnecting and reconnecting the applications, Google Fit will deny the connection, and there is no way to override. Google Fit is Junk!",1.0,2025-06-30T10:13:38,HEALTH_AND_FITNESS,health and fitness apps,Free,100000000,0
com.sec.android.app.shealth,Samsung Health,"Samsung Electronics Co.,  Ltd.",5200379633052405703,2015-04-07,3.5660465,1544950,"1,000,000,000+",True,0,USD,False,No In App Product Price info,False,2025-07-14 08:17:07,Varies with device,Health & Fitness,HEALTH_AND_FITNESS,Everyone,Not provided,"Lifestyle companion to track your fitness, weight, diet, food & sleep.",https://play.google.com/store/apps/details?id=com.sec.android.app.shealth&hl=en&gl=us,"I don't like the changes made to the sleep score. I wish I could delete the upgrade and go back. I like seeing how many sleep cycles I went through, restfulness, mental recovery, etc. And I PREFER seeing actual numbers. The new metrics just make it much harder to understand the readings. I don't even want to use it anymore. Which is a bummer because I used it every day. Users should be given a choice for how they want their score calculated/displayed.",1,2025-06-03T19:34:38,"this app looks nice and has a lot of features but none of them works well at all. It does a terrible job tracking workouts, even if you choose the walking option it will randomly miss large chunks of the walk. (yes I turned off power saving mode even when I shouldn't have to) Also the food tracking is unusable. Additionally you can't edit workouts. for example you play tennis, it auto detects a walk, later you want change it? Gotta manually enter a new workout and delete the old one.",1.0,2025-08-18T21:34:43,HEALTH_AND_FITNESS,health and fitness apps,Free,1000000000,0
homeworkout.homeworkouts.noequipment,Home Workout - No Equipment,Leap Fitness Group,Leap+Fitness+Group,2017-11-08,4.866443,3732860,"100,000,000+",True,0,USD,True,$2.99 - $69.99 per item,True,2025-09-04 09:34:51,1.5.5,Health & Fitness,HEALTH_AND_FITNESS,Everyone,Not provided,Home workouts for fitness & fast bodybuilding at home - no equipment needed.,https://play.google.com/store/apps/details?id=homeworkout.homeworkouts.noequipment&hl=en&gl=us,"Home Workout - No Equipment is a game-changer for fitness enthusiasts. The exercises are well-structured, effective, and perfect for all levels. No gym? No problem! The guided routines and clear animations keep me motivated every day. The variety ensures no boredom, and progress tracking is a huge plus. Highly recommended for anyone serious about staying fit at home! üí™üî•",5,2025-04-04T07:41:57,,,,HEALTH_AND_FITNESS,health and fitness apps,Free,100000000,0
com.fitbit.FitbitMobile,Fitbit,Google LLC,5700313618786177705,2012-03-16,4.1313562,1205765,"100,000,000+",True,0,USD,True,$7.99 - $79.99 per item,False,2025-09-03 02:20:39,Varies with device,Health & Fitness,HEALTH_AND_FITNESS,Everyone,Not provided,"Fitbit is dedicated to helping people lead healthier, more active lives.",https://play.google.com/store/apps/details?id=com.fitbit.FitbitMobile&hl=en&gl=us,"Another update, another loss of functioning that is going to make me look for another platform. My Fitbit will no longer sync with the app and none of the steps, which used to work work now. On top of that, it's not even letting me enter data manually into the app. I updated thinking that would help and no such luck. The Google takeover was a mistake.",2,2025-06-26T19:24:47,"Sleep duration appears to have several bugs. I often get up in the middle of the night for a bathroom break. sleep duration only reports the time before the bathroom break. if I try to manually add the sleep time after the break, sometimes it does not show up or get added to the total. If I try to put it in again it reports it doubled so it reports 10 hours of sleep in an 8-hour period. Previous versions of the app had a check to prevent you putting it in twice. Other than that the app is great!",2.0,2025-08-11T02:04:34,HEALTH_AND_FITNESS,health and fitness apps,Free,100000000,0
com.myfitnesspal.android,MyFitnessPal: Calorie Counter,"MyFitnessPal, Inc.","MyFitnessPal,+Inc.",2010-04-26,4.3848004,2850496,"100,000,000+",True,0,USD,True,$0.99 - $99.99 per item,True,2025-09-01 14:38:46,Varies with device,Health & Fitness,HEALTH_AND_FITNESS,Everyone,Not provided,"Monitor and track your macros, nutrition, macro tracking, and meal planning",https://play.google.com/store/apps/details?id=com.myfitnesspal.android&hl=en&gl=us,"I love this app. I have been using just the free version for several years. It is a great aide for mindful nutrition, weight management, and identifying food allergies. The barcode scanner makes tracking foods easy. It tracks nutrients, and pops up alerts if you are getting near or go over your goal limit. Update: I'm using this again after gaining pregnancy weight. It is great still, but I am frustrated that the barcode scanner for the food diary isn't free anymore.",1,2025-08-11T20:57:26,I recently came back to this app after being away for a bit. Had so many issues just setting it up but the biggest disappointment is seeing the scanning barcode ability behind a paywall. Would definitely rate higher if I could still use the scanning but there are other options out there that don't charge for scanning so this just seems like a money grab to me.,1.0,2025-08-11T20:57:26,HEALTH_AND_FITNESS,health and fitness apps,Free,100000000,0
org.thoughtcrime.securesms,Signal Private Messenger,Signal Foundation,Signal+Foundation,2010-05-25,4.5493217,2746231,"100,000,000+",True,0,USD,True,$1.99 per item,False,2025-08-25 21:40:53,7.54.1,Communication,COMMUNICATION,Everyone,Not provided,Say ‚Äúhello‚Äù to privacy.,https://play.google.com/store/apps/details?id=org.thoughtcrime.securesms&hl=en&gl=us,"It's encrypted end-to-end by default. It's free (made by a nonprofit). It's not owned by FB, G, or any other big ad pusher. And it does text, voice, and video. (Missing feature: ""Mark as Unread""; I find I often take a quick peek at a message and find that it requires a lengthy reply that I didn't have time to write at the moment, but then forget to come back to it until much later.)",5,2025-01-13T23:57:11,"Military preferred. Not great, but standardized. It seems like the encryption slows down it's performance. There are times when we have a message sent to us and the next day we say ""No Sergeant, we didn't receive anything."" Then 20 minutes later we all hear our phones chime at the same time for the late message. Then phone calls will not work properly. Usually we hang up and try via our non-encrypted apps which work just fine. This app also doesn't like hands free driving. (Still the same.)",1.0,2024-10-10T23:37:20,COMMUNICATION,communication apps,Free,100000000,0
com.google.android.apps.messaging,Google Messages,Google LLC,5700313618786177705,2014-11-12,4.5870676,33393004,"5,000,000,000+",True,0,USD,False,No In App Product Price info,False,2025-09-02 20:24:39,Varies with device,Communication,COMMUNICATION,Everyone,Not provided,"Simple, helpful messaging by Google",https://play.google.com/store/apps/details?id=com.google.android.apps.messaging&hl=en&gl=us,"I'm having the same issues as other have stated with google messages not working properly. blank screens, pictures won't attached. it's terrible. i will uninstall and reinstall, but I also absolutely hate the new way of attaching pictures. Much more difficult to use, labor intensive, the pictures sometimes scroll by super fast, sometimes you can't get to all of them. Please put it back to the way it was. It's super frustrating",1,2025-08-13T21:35:23,"I miss Samsung Messages. As others have said, I don't like how you attach pictures. In Samsung Messages, attaching a picture from the gallery & taking a new picture to send inside the Messages app were separate options, & I think it's much better that way. There are other bugs. Sometimes, I'll hit send, & the text will then show above in the thread but will also not be deleted from the outbox. Mostly, I HATE that I can't customize to match the rest of my phone. Let me make it cute, Google!",2.0,2025-08-19T09:51:25,COMMUNICATION,communication apps,Free,5000000000,0
com.beint.zangi,Zangi Private Messenger,"Secret Phone, Inc","Secret+Phone,+Inc",2014-11-18,4.3446565,195182,"10,000,000+",True,0,USD,True,$1.49 - $59.99 per item,False,2025-09-02 16:35:09,6.3.4,Communication,COMMUNICATION,Everyone,Not provided,"<b>BE PRIVATE</b>
Anonymous. No Trace. Fast.",https://play.google.com/store/apps/details?id=com.beint.zangi&hl=en&gl=us,"Issues with people I let on, more than the service. Have had couple of scammers, once they have your number they never quit. Had to get several accounts to get rid of them, blocking doesn't work. Maybe a restrict instead of block? They think they are connected but are not. Otherwise a great app. 5stars despite my problems. Just have to be mire careful I guess.",5,2025-05-24T19:16:14,"used it for calls EU - Russia. worked but with a bit of drawbacks: e.g alert of the incoming call is not showing up on the screen. the ring is there but no way to answer unless you know it's Zangi (it's not obvious) , open the application and then you can answer. today the app stopped connecting: it's hangs up on ""answering"" step and then drops off(. do not recommend",1.0,2025-08-31T15:55:19,COMMUNICATION,communication apps,Free,10000000,0
com.facebook.orca,Messenger,"Meta Platforms, Inc.","Meta+Platforms,+Inc.",2014-01-30,4.6932015,106382968,"5,000,000,000+",True,0,USD,True,$0.05 - $399.99 per item,False,2025-09-03 16:16:30,522.0.0.58.109,Communication,COMMUNICATION,Everyone,Not provided,Useful. Social. Expressive.,https://play.google.com/store/apps/details?id=com.facebook.orca&hl=en&gl=us,It works as described. I haven't had a lot of issues with it other than sometimes messages show up as just the chat bubble. it's like it doesn't load properly. If I close the app and reopen it the messages usually show up. Calling works fairly well. As long as you have strong Wi-Fi and/or data it seems to be fairly consistent. Sometimes the call gets choppy but I think that has more to do with the signal than the app itself.,5,2025-07-23T02:01:17,"I have been having to force stop and reopen this app dozens of times a day for MONTHS. When I search a chat for something in the past, I can no longer go back to that part of the conversation, it just hangs. When I try to save a photo from a chat, I get a ""couldn't save image"" error. If I try to share a photo from a chat, I get ""Sorry, something went wrong. please try again"". The absolute worst, by far.",1.0,2025-08-14T04:35:46,COMMUNICATION,communication apps,Free,5000000000,0
org.telegram.messenger,Telegram,Telegram FZ-LLC,Telegram+FZ-LLC,2013-09-06,4.097086,16074913,"1,000,000,000+",True,0,USD,True,$0.31 - $289.99 per item,False,2025-08-31 21:21:05,12.0.0,Communication,COMMUNICATION,Mature 17+,Not provided,Telegram is a messaging app with a focus on speed and security.,https://play.google.com/store/apps/details?id=org.telegram.messenger&hl=en&gl=us,"Edit: this is still a premium only feature, and it shouldn't be! So wrong!! I get so many unwanted messages, but I can't do anything about it because of this. It's just not right! Great app for the most part, but when I got a spam message this morning, I realized you cannot set privacy of who can message you without paying for premium. This should be a free setting ALWAYS!! Forcing users to pay to protect their privacy is sketchy, at best.",3,2024-12-28T22:02:23,"update: 8/19/25. still not working! It's the actual telegram ""stories"" at the top that is frozen.(not contacts) So there is no holding in place to try to remove, so I can't use or see the top 2 chats I need..... Need to fix the stories now at top. It hides and covers all the top conversations so I can't click on them and can't remove the stories easily. please make this so you can hide it or remove the stories you don't want to see and don't want to be forced to have to watch them all.",2.0,2025-08-19T21:01:48,COMMUNICATION,communication apps,Free,1000000000,0
com.booking,Booking.com: Hotels & Travel,Booking.com Hotels & Vacation Rentals,8601716327451933581,2011-02-04,4.809388,5147487,"500,000,000+",True,0,USD,False,No In App Product Price info,False,2025-09-05 07:08:44,Varies with device,Travel & Local,TRAVEL_AND_LOCAL,Everyone,Not provided,Book your whole trip in one app.,https://play.google.com/store/apps/details?id=com.booking&hl=en&gl=us,"EDIT: A few weeks later and my messages still are not working! Contacting a living person working for Booking for help is either not possible, or obscured by layers and layers of automatic answers which I really have no time to go through. For a long long time I am unable to view messages. Even on the other phone, it is impossible. I get email notifications, i see 5 new messages in the app, but no chats are showing.",1,2025-07-02T23:08:01,"EDIT: A few weeks later and my messages still are not working! Contacting a living person working for Booking for help is either not possible, or obscured by layers and layers of automatic answers which I really have no time to go through. For a long long time I am unable to view messages. Even on the other phone, it is impossible. I get email notifications, i see 5 new messages in the app, but no chats are showing.",1.0,2025-07-02T23:08:01,TRAVEL,travel apps,Free,500000000,0
com.tripadvisor.tripadvisor,Tripadvisor: Plan & Book Trips,Tripadvisor,Tripadvisor,2010-07-12,4.4716144,1471475,"100,000,000+",True,0,USD,False,No In App Product Price info,True,2025-09-02 17:23:33,64.5,Travel & Local,TRAVEL_AND_LOCAL,Everyone,Not provided,"Download now and start earning rewards on hotels, tours, and everything travel.",https://play.google.com/store/apps/details?id=com.tripadvisor.tripadvisor&hl=en&gl=us,"It seems like basic functionality is missing, such as being able to copy text out of the app on my phone. I am using a Galaxy S8, so you would think that this would be easy to do. But when I select the text so that I can browse to a link, for example, I couldn't copy the text. I had to uninstall the app and browse to TripAdvisor as a web page in order to copy the text. ... if this is the only technical issue, then maybe they deserve four stars instead of the three I gave. I do like that other users post their experiences with various tips and critical reviews. This is a really good app for finding the best user-rated activities in an area, I use TripAdvisor all the time to scope out what activities are available.",1,2024-01-20T06:01:14,"I've used TripAdvisor forever to plan trips, find the best restaurants, etc. It's been my go-to source for every trip I've taken or just to discover new things to do or restaurants around me. I'm uninstalling it as of today. It is no longer user friendly at all. You have to put in a location from the start and sometimes I just know the name but not the exact location. It was a good run and I loved having the ""my trips"" saved as a timeline for me to remember my trips so I'll really miss it.",1.0,2021-06-14T04:07:43,TRAVEL,travel apps,Free,100000000,0
com.expedia.bookings,"Expedia: Hotels, Flights, Cars",Expedia,9168645875493882147,2011-05-10,4.802119,1296683,"50,000,000+",True,0,USD,False,No In App Product Price info,True,2025-09-02 14:27:02,2025.33.0,Travel & Local,TRAVEL_AND_LOCAL,Everyone,Not provided,"Book flight, car or packages. Instant access to hotel discounts & travel deals",https://play.google.com/store/apps/details?id=com.expedia.bookings&hl=en&gl=us,"Used to work fine. I tried to open it, kept getting ""Too many requests"" that would not allow me to back out. Cleared cache and data, same issue. Saw an update, updated, now I get an error about an issue on their end. I haven't used this app in a while, thought I would try it again to compare prices. Not really feeling the need to waste time with support, don't need this app that bad. If they don't care enough to have a working app, I can go elsewhere.",1,2025-02-24T05:51:01,"The app is fine, but I absolutely won't use Expedia again as their support is horrible. As other's have stated, they flat out lie and say they have contacted the hotel and the hotel wouldn't help. Contact the hotel directly and they confirm that they have received no communication from Expedia regarding the booking. Explain this to Expedia, with the hotel contact cc'd, and they just keep sending the same generic email back, ""Unfortunately, after multiple tries, we were unable...blah blah blah""",1.0,2025-08-13T04:16:02,TRAVEL,travel apps,Free,50000000,0
com.hopper.mountainview.play,"Hopper: Hotels, Flights & Cars",Hopper Inc.,Hopper+Inc.,2015-08-30,4.6053033,145842,"10,000,000+",True,0,USD,False,No In App Product Price info,False,2025-08-22 18:09:13,5.92.0,Travel & Local,TRAVEL_AND_LOCAL,Everyone,Not provided,The best way to book travel,https://play.google.com/store/apps/details?id=com.hopper.mountainview.play&hl=en&gl=us,"I really love how easy it is to compare different dates, flights, and airlines. It does a great job with the different filters when searching as well, and I love how it also tells you right from the getgo what all is included with the ticket for your flight (carry on, beverages, etc) and how upfront it is with all the prices for everything. I also love the price watch feature. I'm just overall a really big fan of the app in general, and it's my go to app when searching for flights.",1,2025-06-28T20:18:06,"Another garbage app that doesn't do what it's advertised to do. It's supposed to watch prices and notify you. If that option were ever there, it has been removed. Tech help directs you to options that don't exist. How are you to trust a company that can't even keep their app and documentation in sync? Imagine what they can do with your money. Does the word ""stranded"" concern you?",1.0,2025-08-30T03:41:33,TRAVEL,travel apps,Free,10000000,0
ctrip.english,"Trip.com: Book Flights, Hotels",Trip.com,Trip.com,2013-07-31,4.6516976,643249,"50,000,000+",True,0,USD,False,No In App Product Price info,False,2025-09-04 10:08:22,8.34.0,Travel & Local,TRAVEL_AND_LOCAL,Everyone,Not provided,Get exclusive travel deals and enjoy the award-winning customer service!,https://play.google.com/store/apps/details?id=ctrip.english&hl=en&gl=us,"Have used the app for years of travel, and have recently had a few issues with it. The most jarring being arriving at the train station and seeing the train had been canceled. Trip didn't notify me of this, and didn't refund their booking fee, as, ""the tickets had been issued successfully."" It's ridiculous to pay a fee for a service that wasn't fruitful. Had to change to a flight, and pay two taxi fees. Needless to say I booked the alternative flight via a different app.",1,2025-06-13T09:23:31,"Booked a 3 night room with free change before the deadline, then I wanted to shorten it to 2 nights. Followed the option on the app and got an ok message and to wait for their reply. Later they sent a message saying not ok. But it passed the deadline already so I was not allowed to change free anymore. Complaints logged but no one was able to solve, so I had to bear for the cost. I'm not happy with the hotel though it's not their fault. 1 star for that option button.",1.0,2025-06-20T19:25:28,TRAVEL,travel apps,Free,50000000,0
com.netflix.mediaclient,Netflix,"Netflix, Inc.",6891422865930303475,2011-05-05,3.9941232,14931465,"1,000,000,000+",True,0,USD,False,No In App Product Price info,False,2025-09-01 18:34:58,Varies with device,Entertainment,ENTERTAINMENT,Teen,Not provided,Netflix is the leading subscription service for watching TV episodes and movies.,https://play.google.com/store/apps/details?id=com.netflix.mediaclient&hl=en&gl=us,"What happened to this app? Netflix is NOT cheap. So youd think I'd be able to do the basics. Rewinding, pausing, fast forward, ect. Pressing play on the show you choose to watch. Not the case at all. Netflix freezes or crashes anything you attempt. I don't remember it being like this in the past. Can't handle how big it has become perhaps? I have cheaper streaming services that don't do this. Why keep spending money on this one?",2,2025-05-02T00:40:52,"Honestly it's not worth it. the subscription is expensive, used to be ad free until Hulu and others moved to the ""we can give you a low price...BUT WITH ADS!"" Moto. so now it's like $19.99 usd for the ad free version, still cant watch it on more than 2 devices at the same time AND you cant even share the account with people outside of your house the content is not unique (available elsewhere) they end perfectly good TV shows they created because they aren't ""getting enough views""... I hate it.",1.0,2025-08-30T01:00:49,ENTERTAINMENT,entertainment apps,Free,1000000000,0
com.tubitv,Tubi: Free Movies & Live TV,Tubi TV,9005207387328486775,2014-09-19,4.841004,2261758,"100,000,000+",True,0,USD,False,No In App Product Price info,True,2025-09-04 13:20:31,Varies with device,Entertainment,ENTERTAINMENT,Teen,Diverse Content: Discretion Advised,"On Tubi, Movies, Shows, (and  Love) Don't Cost a Thing!",https://play.google.com/store/apps/details?id=com.tubitv&hl=en&gl=us,"By far the best streaming app ever! Great selection and awesome service not to mention it's free! I've never had technical or other issues with Tubi. The app is perfect on all platforms from the TV apps to mobile and tablets and it runs really smooth, if anyone's having any issues it's probably with your device and not the app. The app, even after updates, takes up so little space. It's just perfect all around. I'm not getting paid or anything to say this but I truly love Tubi!",5,2024-08-20T20:07:39,,,,ENTERTAINMENT,entertainment apps,Free,100000000,0
ai.socialapps.speakmaster,PolyBuzz: Chat with AI Friends,CLOUD WHALE INTERACTIVE TECHNOLOGY LLC.,5239838313764237888,2023-06-02,3.9886022,626995,"10,000,000+",True,0,USD,True,$0.05 - $299.99 per item,True,2025-09-05 11:26:58,2.1.30,Entertainment,ENTERTAINMENT,Teen,Diverse Content: Discretion Advised,"Talk & engage with anime characters and start a rizz story anytime, anywhere",https://play.google.com/store/apps/details?id=ai.socialapps.speakmaster&hl=en&gl=us,"it's a really good app! my only complaint is if you wanna close it to reply to a text or anything, even if it's only like 5 seconds that it's closed, you have to go through the loading screen and an ad, every single time. kinda annoying when I'm texting someone and have to keep dealing with it every few minutes. and that you have to pay for long memory. like, you have to have some patience to remind the ai every few sentences on what is happening. long memory should be free. or at least cheap",5,2025-06-27T07:18:49,"Expensive. If you look the app has a fake discount that brings the price to 20 bucks but it's 100 bucks a month if you look without the discount. They basically make you feel like you have a discount to buy. Nothing more. Long-term memory doesn't last, etc. no real reason to get premium unless you want the romance choice but you can get some good replies without it. Just another cash grab. Fun for a few hours though.",2.0,2025-07-12T23:18:57,ENTERTAINMENT,entertainment apps,Free,10000000,0
com.amazon.avod.thirdpartyclient,Prime Video,Amazon Mobile LLC,Amazon+Mobile+LLC,2017-08-28,4.0459795,4969874,"500,000,000+",True,0,USD,True,$0.05 - $333.00 per item,True,2025-09-02 23:55:11,Varies with device,Entertainment,ENTERTAINMENT,Teen,Diverse Content: Discretion Advised,"Watch movies, TV shows, live programming, and sports",https://play.google.com/store/apps/details?id=com.amazon.avod.thirdpartyclient&hl=en&gl=us,"There's only some good shows, most of which are an extra charge because they aren't actually on this platform (so you're getting half-catfished). The ads are the final straw for me though. How greedy can you be?!? Amazon has so much money, but it will apparently never be enough. I'm already paying to use this streaming service at all, so there's no way I'm gonna pay even more just so I won't have ads. Also the ads are incredibly long, and incredibly often. This is ridiculous",1,2025-07-05T03:53:24,"I have been paying for Amazon Prime for many years now. Given that the service is paid for, I see no valid reason for the introduction of ads. The past few months, I had paid the additional fee to not see any ads. There were still some ads, nonetheless. I decided to stop spending even more money for something that's still happening anyway. Now, the ridiculous number of commercials, plus movies restarting, making me watch even more ads, I'm will not be renewing my subscription once it runs out.",1.0,2025-08-30T02:02:45,ENTERTAINMENT,entertainment apps,Free,500000000,0
com.google.android.youtube,YouTube,Google LLC,5700313618786177705,2010-10-20,3.9468532,165536209,"10,000,000,000+",True,0,USD,True,$0.05 - $999.99 per item,True,2025-08-30 03:02:18,Varies with device,Video Players & Editors,VIDEO_PLAYERS,Teen,Not provided,Enjoy your favorite videos and channels with the official YouTube app.,https://play.google.com/store/apps/details?id=com.google.android.youtube&hl=en&gl=us,"Way to many commercials. Literally if you try to watch 10 mins of YouTube content in general, you will at least watch 10 commercials in the time frame , and almost all of them pop up right when something important happens in an educational video or a good part in someone's content , and then you have to rewind to watch it again with out the commercials. update added , it's gotten even worse . you get ads now even if you pause a video . , you can't even watch the content anymore",1,2025-08-15T09:15:22,"I've used YouTube for well over 10 years now. There's an ad on everything, everywhere you go, or look, has an ad or rather, multiple ads. Honestly, there's no saving YouTube from them anymore. I frequently get ads on videos under a minute long and ads even disrupt listening to music as well. I spend more time seeing and listening to ads than actually watching and enjoying the videos on the platform. Whatever YouTube might've been before is dead, with ads puppeting its corpse.",1.0,2025-08-15T09:15:22,ENTERTAINMENT,entertainment apps,Free,10000000000,0
com.spotify.music,Spotify: Music and Podcasts,Spotify AB,Spotify+AB,2014-05-27,4.334469,34081337,"1,000,000,000+",True,0,USD,True,$5.99 - $400.00 per item,True,2025-09-02 10:14:37,Varies with device,Music & Audio,MUSIC_AND_AUDIO,Teen,Not provided,"Listen to songs, play podcasts, create playlists and discover music you'll love",https://play.google.com/store/apps/details?id=com.spotify.music&hl=en&gl=us,"""30mins of free listening after this ad"" Four minutes later, I get even more ads. Don't lie to me. It has potential but you need premium to get decent features. Even with premium, I'm still having trouble with the app. I used offline mode while I travel for work and half the time my playlists won't play. I tried listening to a podcast and I get ""playback failed"" even though the episode is downloaded to my phone.",1,2025-07-17T13:51:19,"I only used Spotify to listen to the podcast version of an actual radio show, The Woody Show. Like all shows on the radio, they play snippets of music coming in and out of break. For this ridiculous reason, Spotify has removed them for an extended period of time. Fortunately, there are many other apps out there that work properly, such as the iheart radio app.",1.0,2025-08-07T19:41:04,MUSIC_AND_AUDIO,music and audio apps,Free,1000000000,0
com.amazon.mp3,Amazon Music: Songs & Podcasts,Amazon Mobile LLC,Amazon+Mobile+LLC,,3.6022043,3237577,"100,000,000+",True,0,USD,True,$11.99 per item,False,2025-09-01 06:30:04,Varies with device,Music & Audio,MUSIC_AND_AUDIO,Teen,Diverse Content: Discretion Advised,"Listen to podcasts, trending playlists, hit music and your favorite songs",https://play.google.com/store/apps/details?id=com.amazon.mp3&hl=en&gl=us,"App closes or crashes regularly. This used to happen occasionally but has become a common occurrence lately. Subscription is great, and the library is huge, but not being able to listen to music without needing to restart the app is horrible. Please fix this problem! Update as of 2025, app crashes continue to be a problem. it is unclear why the app will suddenly stop working, but relaunch and can listen until next crash. minutes to hours. The behavior seems like a way to force me to see ad's",1,2025-07-04T20:17:34,"This app has been absolutely awful. At least once a week, I have an issue with it. I've had to delete it and redownload it at least four times, and every time, it un-downloads all my music so I need to redownload everything. I'm currently redownloading my songs again, but now it's doing this cute and quirky thing where when I download a song IT DELETES IT FROM MY LIBRARY!!! The only reason I'm still using this god forsaken app is because my parents are paying for it.",1.0,2025-08-29T21:50:47,MUSIC_AND_AUDIO,music and audio apps,Free,100000000,0
com.soundcloud.android,SoundCloud: The Music You Love,SoundCloud,5736420085696151391,2010-12-21,4.666428,7382461,"100,000,000+",True,0,USD,True,$5.99 - $114.00 per item,True,2025-09-05 08:41:06,Varies with device,Music & Audio,MUSIC_AND_AUDIO,Teen,Not provided,Where mixtapes meet DJ sets & fresh sounds. Discover songs & tracks you love!,https://play.google.com/store/apps/details?id=com.soundcloud.android&hl=en&gl=us,"I love how there are sped up/ slowed down versions of songs. I've used SoundCloud for only a year now, but I much recommend this over Spotify. It sucks how it's not on Xbox, though! Its also a bit annoying when you have to pay for the premium subscription for certain songs. But otherwise, it's a perfect music streaming app! 110% recommend edit: having lyrics would be super cool! the one thing Spotify has that this doesn't üòì otherwise still doing me well!",5,2025-04-22T15:39:23,"Unable to cancel subscription. SoundCloud says go to the app store and I find no subscription there. Seems like they're trying robbing people of their money, or make it very difficult to cancel. Once again, I can't find the subscription and it feels like it's intentional. Would not recommend getting a subscription, unless you want to get a new card to stop paying thieves, which I have to do now. Decent app, YT is better. Big L from soundcloud.",1.0,2025-02-09T13:31:01,MUSIC_AND_AUDIO,music and audio apps,Free,100000000,0
com.google.android.apps.youtube.music,YouTube Music,Google LLC,5700313618786177705,2015-11-12,4.569819,6881844,"5,000,000,000+",True,0,USD,True,$0.05 - $999.99 per item,True,2025-09-05 00:08:01,Varies with device,Music & Audio,MUSIC_AND_AUDIO,Teen,Diverse Content: Discretion Advised,The world of music dedicated to you,https://play.google.com/store/apps/details?id=com.google.android.apps.youtube.music&hl=en&gl=us,"I've been using YouTube Music since it was created, over a decade now. YouTube Music has played an essential role in the latter half of my life, and other than occasional frustration with the song recommendation algorithm, I think it's perfect. I just hope it doesn't choose to change everything and cram ""AI"" down our throats, the way other things have been doing. Keep practicing one kick 10,000 times instead of 10,000 kicks once, YouTube Music.",5,2025-06-13T16:39:45,"The free version is actually horrendous. Ads after every song/play of a song, if you get an ad, skip it and then select another song, it gives you another ad, most ads have a drop-down box with a link to their website that prevents you from swiping the 'currently listening' box down to pick a different song, said drop-down box doesn't close automatically if the ad ends or is skipped. The literal only good thing about the free version is that you can listen to music, everything else is terrible",2.0,2025-08-28T20:46:49,MUSIC_AND_AUDIO,music and audio apps,Free,5000000000,0
com.apple.android.music,Apple Music,Apple,Apple,2015-11-10,4.5855136,664101,"100,000,000+",True,0,USD,True,$5.99 - $199.99 per item,False,2025-07-31 01:32:40,4.9.7.2,Music & Audio,MUSIC_AND_AUDIO,Teen,Diverse Content: Discretion Advised,"Stream over 100 million songs, all ad-free.",https://play.google.com/store/apps/details?id=com.apple.android.music&hl=en&gl=us,"I really wish my ""downloaded"" music didn't constantly get frozen in buffering. Every hour or so I have to take out my phone and skip a song that refuses to play. Even if it wasn't downloaded I have great signal most of the time, so it's obviously a problem with their UI/music player. It's been broken for the last five years, so I doubt it'll get fixed any time soon.",1,2025-02-03T21:59:38,"I really wish my ""downloaded"" music didn't constantly get frozen in buffering. Every hour or so I have to take out my phone and skip a song that refuses to play. Even if it wasn't downloaded I have great signal most of the time, so it's obviously a problem with their UI/music player. It's been broken for the last five years, so I doubt it'll get fixed any time soon.",1.0,2025-02-03T21:59:38,MUSIC_AND_AUDIO,music and audio apps,Free,100000000,0
com.amazon.mShop.android.shopping,Amazon Shopping,Amazon Mobile LLC,Amazon+Mobile+LLC,2014-12-10,4.444687,4273000,"500,000,000+",True,0,USD,True,$0.99 - $149.99 per item,True,2025-08-19 18:25:06,30.16.0.100,Shopping,SHOPPING,Teen,Not provided,"Browse, search & buy millions of products right from your Android device.",https://play.google.com/store/apps/details?id=com.amazon.mShop.android.shopping&hl=en&gl=us,"Look, Amazon is Amazon and it's app isn't all that different from it's website from a mobile standpoint. But now they're putting ads into your notification bar. They could section off ""deals picked for you"" notifs and ""delivery update"" notifs, but they don't. Lumping these two kinds of notifications together without an option to toggle them is ignorant at best and manipulative at worst. I just need quick delivery updates, nothing else, and I don't need an app that can't or won't do just that.",1,2025-06-13T21:04:03,"The last two months, Amazon has been messing up orders left & right. Not sure what's going on, but they owe me some money for sending incorrect items in multiple orders. App design makes customer service on these issues ridiculously hard to find. All dealings with specific orders should be available on the same page for orders/reviews. It was a great shopping app until May 2025.",2.0,2025-06-10T09:26:26,SHOPPING,shopping apps,Free,500000000,0
com.contextlogic.wish,Wish: Shop and Save,Wish US Holdings LLC,Wish+US+Holdings+LLC,2012-07-26,4.6738596,14439281,"500,000,000+",True,0,USD,False,No In App Product Price info,False,2025-09-03 12:30:48,24.37.7,Shopping,SHOPPING,Teen,Not provided,"Home & Life, Fashion, Electronics",https://play.google.com/store/apps/details?id=com.contextlogic.wish&hl=en&gl=us,"Great selection of products for less. Shipping costs are on the high side, much higher than the product you are buying most of the time. I have a membership, so some items are shipped for free. I think having to pay $5.99 a month for membership should get you free shipping on EVERYTHING but it doesn't. Items arrive quicker than they used to, which is always a plus. If you don't get the exact product you order, color, design etc, you get a refund on it which I love. It has only happened 1 time.",1,2025-03-22T22:45:08,"wish has become entirely useless. Even something like an Xbox 360 controller ($20 back in the day) costs $50. Useless app that's not even good for the only thing it used to be food for. Cheap low-quality items. instead, now they're expensive low-quality items. (They will surely respond that items have gone up in quality. I can assure you from personal experience they have not.)",1.0,2025-06-10T19:09:42,SHOPPING,shopping apps,Free,500000000,0
com.alibaba.aliexpresshd,AliExpress - Shopping App,Alibaba Mobile,Alibaba+Mobile,2012-09-27,4.451735,16199680,"500,000,000+",True,0,USD,False,No In App Product Price info,False,2025-09-04 03:53:51,8.138.3,Shopping,SHOPPING,Teen,Diverse Content: Discretion Advised,Shop smart anytime with aliexpress ‚Äî your online shop app.,https://play.google.com/store/apps/details?id=com.alibaba.aliexpresshd&hl=en&gl=us,"Easy experience the last few years. Have done some shopping for tech parts you wouldn't really find in the US. I went up to buying figurines and have not had an error in my orders, all parts were always included. The deals are what brings me back, some very costly items can be up to half off if you play your cards right, just make use of the games to get coins!",5,2025-05-26T20:53:12,"they tripled the prices for the same quality. Amazon is much more convenient. on Aliexpress I was charged for a tax that was never set in place only because the US was thinking to add it, but never did. and they asked me as proof an invoice they never sent. I asked where can I find the invoice and their answer was ""we're closing the ticket because we didn't hear from you"". I used to love AliExpress, their customer support was the best and the prices were great for the quality offered.",1.0,2025-05-31T09:22:36,SHOPPING,shopping apps,Free,500000000,0
com.zzkko,SHEIN-Shopping Online,Roadget Business PTE. LTD.,Roadget+Business+PTE.+LTD.,2014-03-18,3.8769188,6495775,"500,000,000+",True,0,USD,False,No In App Product Price info,False,2025-09-03 15:53:21,13.3.8,Shopping,SHOPPING,Teen,Diverse Content: Discretion Advised,Save¬†money.¬†Live¬†in¬†style!,https://play.google.com/store/apps/details?id=com.zzkko&hl=en&gl=us,"My first order was great. I ordered 4 items (2 clothing) and they were all great quality. This last time I ordered, all three clothing items were cheaply made (though they cost more), itchy, and awful. Also, I don't like their return policy. The first item of each order is free to return but after that, each item has a $7 fee. Not worth it if the item is $10 or lower.",1,2025-06-29T06:21:06,"I add an item to my cart, then when I select it to do final checkout - the price increases. Sometimes doubling. That is so shady. I don't want to be shown an ""Estimated price"", when it isn't even anywhere NEAR that price when I actually try to buy it. I enjoy shopping on Shein, but I've noticed this for a while now and it makes it confusing and honestly makes you not want to even look at stuff. I'm not the only one that has noticed this, either. Multiple other people have noticed it as well.",1.0,2025-08-29T14:44:58,SHOPPING,shopping apps,Free,500000000,0
com.ebay.mobile,eBay online shopping & selling,eBay Mobile,6005619443614255030,2010-02-17,4.653351,4960965,"100,000,000+",True,0,USD,False,No In App Product Price info,True,2025-08-28 22:02:59,Varies with device,Shopping,SHOPPING,Teen,Diverse Content: Discretion Advised,"Buy, sell & resell marketplace. Clothes, sneakers & tech. Download now!",https://play.google.com/store/apps/details?id=com.ebay.mobile&hl=en&gl=us,"I've been using ebay since 1999, buying and selling. I've gone through so many iterations of the site, mostly improvements. The app is great - the search tool works the same as the website, it's easy to make a purchase or post an item, keep track of your purchases or inventory. I just wish there was a way to block mega sellers when you're looking for a true vintage or authentic item. Otherwise fast accurate, easy to use.",4,2025-04-20T21:17:01,"I can change notification settings now. I disabled notifications for ebay lives and I still get them! also I reported an item for manipulating search results, listing with the wrong item condition (i.e listed as ""pre-owned"" but the title and desc. say ""for Parts&Repair"") got an email saying the AI didn't find anything despite that the item name in the same email said ""PARTS ONLY"". yes, it's in all caps in the item name. How did this go over the AI's head?! Stop giving me tiny shipping labels!!",2.0,2025-08-13T23:45:46,SHOPPING,shopping apps,Free,100000000,0
